-1.996508170923875364e-02,5.287417454572874986e-02,5.123497080812634830e-02,-2.991542804541629311e-03,6.352729601291720596e-02,3.394639029225712812e-02,-2.515681414901280513e-02,1.247592541974164131e-02,-4.620064453223979295e-02,1.764335185475486220e-02,8.560195701652086736e-03,2.300471712375282834e-02,-1.794148721885654302e-03,7.277941620862612981e-02,-4.132587275946818933e-02,-4.190968734836841847e-02,-3.948839747043353388e-02,3.521652250844005405e-03,-4.555874047804455394e-03,-4.771409696176548421e-02,3.857453370476600363e-02,-4.599480125513567830e-03,1.335969811982184487e-02,4.262812846290192637e-02,4.431849234582295460e-02,1.164319534465225320e-02,-8.339131298655429181e-02,-2.894023468989941755e-02,-2.824872254415116898e-02,-2.560942759135269656e-02,3.969784179517629047e-02,6.138883245270182476e-02,-2.599538854413462052e-03,-4.966182920174098958e-02,1.027750483758038957e-01,-9.389506609107720059e-02,2.854265203574076967e-02,5.467512524822439046e-02,-6.587931518563075461e-02,-7.827635805957598725e-02,6.883971883523061497e-02,-2.550445588078500969e-03,5.635615269449364799e-03,2.135016858168768683e-02,1.409781352155026896e-02,1.304668309032651699e-02,-4.212733208120145179e-02,6.021228264646305561e-02,-4.964288484944278518e-02,7.186662500726137548e-02,-7.847267943089933362e-02,-1.387380847422512928e-02,-1.782445586444970920e-02,-4.641351033087493666e-02,-2.075995434837471162e-02,-1.963525547309655575e-02,4.007490983054529804e-02,-4.014685638738526435e-02,1.149572332488853349e-01,6.128281490037802703e-02,-1.561660096970645881e-02,1.086315875907355524e-02,1.848672456616376816e-02,3.149304314475540045e-02,-9.466659272258565183e-03,2.737504346102257596e-02,-1.830058496368794710e-02,-1.978065919120592774e-03,3.144991320886877939e-02,-1.236842854568601796e-02,8.715248889908190633e-03,-3.882914839317256478e-02,-1.307327465229675134e-01,2.157314375829341019e-02,5.844275112653838505e-02,7.804197202934223809e-02,9.061534636220851258e-02,9.193346726690794501e-02,9.340485016227460802e-02,1.028317542880372720e-01
-0.011117839889275548,0.017509473536061824,0.014450218246837582,0.00999068210913388,-0.03614487882794028,-0.026853837092154737,0.01572786417283002,0.03975780195525552,-0.027795273170078863,0.03502752483908605,0.03636470643447656,-0.04365987557608729,-0.05673126824790319,-0.03553795915055098,0.017392380809596313,0.013545444949924844,0.0041605912996767365,0.021492927321817585,0.026657443465582666,0.028248966784611775,0.005344072403701326,0.008873740904904597,0.006833179358839874,-0.01653343741912397,-0.012284915743986583,-0.008730654025307396,-0.07229242017556793,-0.017654301020842575,-0.03900708744973329,0.02765520960021538,-0.02506956382120214,-0.02755707016859073,-0.01591006571041642,-0.007124226150092837,0.033406174978913204,-0.07106172087346732,0.04295021145737745,0.04123617400672244,0.01930490267825617,0.015418933163383343,0.05902901371069569,-0.08269800620164387,0.007780289764001577,0.016869743915790256,0.03365824727899918,0.006071544003369384,-0.002678017543485129,0.03266037116735116,0.03801610694636212,-0.08200802661330436,-0.021530439215213464,0.002395969846034669,0.0022471526463112646,0.03279167189829565,0.006548141078203726,0.04426079807304199,-0.03206396717967257,-0.014609170944462012,0.017162880835107072,-0.02071457075332654,8.113191419991521e-05,-0.06512531970358693,-0.08328680943990854,-0.00846430942000795,-0.034047256047652755,-0.06040604678570723,-0.032587762949051566,0.06845965473248186,-0.059020190689802285,0.06165555299398243,0.019222533930238928,0.011997688560665744,-0.07626314296525022,-0.005882281776294908,0.026718407377609412,0.02987357986483541,0.034963515388596406,0.07937525311516774,0.10253161873948614,0.10384396471052934
0.011064812411076208,0.02576765570756094,-0.09151739514784525,-0.018751087882813447,-0.032642565516191054,-0.04540228550049524,0.003965874390883268,0.03857173791911186,0.01165772899149008,-0.028351916081619636,-0.0014829918879139918,0.01252477047022748,0.060693669159812495,-0.047335794536871936,0.09068729989204008,0.002213075472489589,-0.028848754887833776,-0.04959784949889554,0.004972471459607752,0.026683580538573354,0.015458695860459852,0.03358538697835698,0.053409697527471885,0.0006796022533953603,-0.02842522291209404,-0.01585606633653285,-0.0011273080268038326,0.02916926116990968,-0.033113267159754343,-0.009407797514599572,0.029664618646691104,0.02509670928603789,-0.0016541036199029654,-0.02782563757144274,0.0005069474553475313,0.014704187730161572,-0.04900888670491045,0.16246933089259555,0.02217534808874436,0.004289335287484264,-0.03874238087376392,-0.05806274497201213,-0.04832311278047852,0.01666919629863494,-0.0037973871924908745,-0.05734867318489399,0.02311961741110496,-0.08400919190873711,0.0144359043763287,-0.012976636124378488,0.027486766913002888,0.016062206439739723,-0.04386459722992573,0.0421764024334015,-0.003193491113764383,0.019674372090288526,0.03420811215476938,-0.020656418726645313,0.07172371472849537,0.05203338746085137,0.05245264267046152,0.03697688798927559,-0.005287526070476289,0.03155079412134185,0.09068025561522104,-0.027236632186457096,0.04352238624450548,0.006496570054198167,0.06138555998468893,0.04564945406901972,0.10170191207954728,0.018737345289512552,-0.07585828692989843,0.0036514075509337138,0.05721573285611439,0.09443046747253592,0.09648042122837981,0.08959210962784146,0.09203457134361473,0.10190163015675954
0.013847759752635878,-0.013709451817698316,0.014974020085052832,-0.02135250142282477,-0.013173870858761347,0.026205044462639864,-0.005322213479293766,0.0044457231432388986,-0.05654641429877656,0.00530977124787736,0.08546668833742498,-0.06054922660737778,-0.004218216056150825,0.01931082614033896,-0.0018884826788939189,-0.02669184669221024,-0.010349747503853717,-0.014824314417760828,-0.02553741291640305,-0.05667832289897501,0.03292876075635638,-0.007813979252917371,-0.04600638672976554,0.0820678321842598,0.03751670497898334,0.028463354070440004,-0.07600382159563338,0.01721268440262671,0.01534706542067039,0.04494824082715431,-0.020124868938595886,-0.022539402983801176,0.04218882150523547,0.06245048675843588,-0.0333354070339047,-0.062105674089377165,-0.01263095342858658,-0.006129422196588354,-0.027623648988677647,-0.01934172839196504,0.02607639592036703,-0.0861157012580862,-0.01709605046364371,-0.011197731175845976,0.01250848139250745,-0.0045366467892600576,0.005778186321303809,-0.03807564698160983,-0.007359537391079415,-0.01382717902534016,-0.022298206858474688,-0.051114877287977686,-0.006434029345296988,-0.0027987349488625144,-0.002239020617622346,-0.04553372300092828,-0.04492684254845795,-0.00915134615961219,0.028542601773149823,0.015576982740991036,-0.011299831875189504,0.0009342987210031726,-0.0184399466184042,-0.029927819018717217,-0.0309608092695042,0.018709775779939417,-0.015739195053261656,0.00217797984800894,-0.0030430520643155313,0.0326680756463157,0.014321864153686456,0.05399697250295245,-0.06517585698465543,0.00404720431951521,0.009109117775869882,0.06482277338499033,0.08006963437442345,0.10321313138371856,0.1203185104354816,0.10705923576577392
-0.021177841575428152,0.08790522370001126,-0.02814730810489428,0.009832470796956,0.004930661595275115,0.021878880254883565,0.004650462038559025,-0.021690684357583985,0.00048733222301460975,0.09848149016506365,0.004415160221912482,0.07983704574007273,-0.030678994057498632,0.01664781062254595,-0.04576194580070783,-0.05229694490522891,0.01180677847909354,0.040079556730216834,0.054916089966765405,-0.003720678934827652,0.03298119395000481,-0.023757542441184852,0.07360720542116883,-0.017589899266864634,-0.03818379954926159,-0.004682296742193308,-0.026272575141128025,-0.01635395526817681,-0.025342678235126367,0.007915533747345197,0.011015922519776133,-0.0016624511102694395,-0.011874771690247936,0.06696419633144053,0.03742723066428282,0.006049724654073892,-0.027520337252402303,0.025134563747926695,0.03191129081949922,-0.0507610811632356,-0.016008325408988923,0.051867056463186345,0.04454216423663537,-0.01232226140286699,0.031620150112924725,-0.02101437154722365,-0.003292083281261342,0.02323953290334716,0.03179079197838214,0.05329930138030416,-0.0031684633198916247,-0.018949650664295555,0.016769465803439083,-0.08860620359696292,0.029328850418298302,-0.01988433640854848,-0.008521056255332194,0.007714540301908055,0.01655757240602926,0.012068289283903232,-0.006745581787589024,0.011943344524666832,0.014663625439021503,-0.09185077435111667,-0.0061720390549851855,-0.0002139864769938899,0.006153976392017663,-0.02114598764787124,-0.043705384056535033,-0.07821219886536526,-0.016938453396333344,0.04607342842298068,-0.07127575532874063,0.000318173262741082,0.02179705274125381,0.08124334440638997,0.09564658755222004,0.09335073162148312,0.10281922191934403,0.11196210574382263
-0.004247388205069461,-0.008842112460300951,-0.040592834304835256,-0.04113487612906248,-0.05720424713955337,0.0014641198715399785,0.07412565828146518,-0.08095605342029678,-0.05451561251614333,-0.0012537443036291151,-0.03773219651341851,-0.01954903495339648,-0.0053894937035067775,0.012684829947879075,-0.019876545021711572,-0.005480445375021065,0.06771561712213583,-0.01993873206186326,-0.02464114736788748,-0.003146731655679669,0.05302111469962211,-0.011157415793662685,0.002338884768302321,0.021314608868875016,-0.019474296775596305,0.056363689937698205,-0.05927157631904657,-0.0029847142440879337,0.010772479005376876,-0.004877597132123322,-0.059879891712092966,-0.03650570412526214,0.02499394882339265,-0.040279797862054496,0.010348229021300129,-0.004019936329529409,-0.06711613103447983,0.027027607539873037,0.02566624650071695,0.009403557486949828,-0.0360250947627333,0.007233941957169313,-0.05089817252749967,-0.02686966724290484,-0.03846640682835382,0.058443039111328456,-0.02005445241612817,-0.0721200064471815,0.00888203507981118,0.06578090471647352,0.0018973359726966903,0.01331124324294484,-0.03362104228370794,0.05798638896840856,0.04408621384105505,0.018739838796460583,0.026698927394821274,-0.06000819962600863,0.0734069384302088,-0.08080036637200853,0.0021813191433715795,-0.04731884735018453,4.3455807686774365e-05,0.026099046027003827,-0.05068576901469644,0.0020383790452821746,-0.02092638023734488,0.07336533144513718,-0.05920022204654996,-0.05515808438200151,0.04259457195852561,-0.04644892626493325,-0.10861583831699675,0.027250947877543,0.04383093291381897,0.07826466023250081,0.09915622233846633,0.10101078552151768,0.11472945735575336,0.11884448588862052
-0.007047615189968544,0.0087270911665139,-0.0064902250935735635,0.03402036928139551,-0.012283097047771335,0.02536218536007138,-0.02293679935007739,-0.045823770025426445,-0.02092638324952425,0.07737183184315263,0.027561236821800564,-0.02331368053178273,-0.02914260290880953,-0.013998263869309692,0.015183418981677972,0.0057678937442035925,0.002423978024066196,0.07634958514752128,-0.002340561496157938,0.024567485518160768,-0.12463995232332696,-0.021169061359455503,0.02353519622786355,-0.009251700954210127,0.04302670155535696,-0.02282044293852196,-0.007025900106456445,0.04447955508953984,0.005726190604977661,0.03929014453075748,0.014428848907833388,0.028189260887908657,-0.030991671280919873,-0.009308696772677304,0.03714670860930884,-0.06224320253398524,-0.027339790081234567,-0.08327928456187414,0.01679573644738209,-0.02740123273269857,-0.005386605037492633,-0.010563485429110467,0.03729348707057551,-0.04197333267072564,-0.02894540266048394,-0.016227367062681387,0.05178622934273068,-0.017348370230656596,0.012898593195576442,0.02310729790211915,-0.026351444243917797,0.02326579802230457,0.0051987327251633185,-0.033671827303289374,-0.03616581365939555,-0.012913371364916089,-0.008469593231109117,-0.04939673889508362,-0.11565856098731052,-0.045517196951397165,0.028784519706896675,-0.0384830932153693,-0.02652830418259415,0.02065378273690189,-0.009333767069670679,-0.024299852945977047,-0.05245642647567997,0.019410213556080292,-0.07291793657338291,0.02205562226448502,-0.02030797017608672,0.05377142113672194,-0.08118273105426166,-0.028211976080658546,0.001892758262649968,0.05160702846571622,0.09077740977130366,0.11233148115803832,0.11240967847648696,0.10308475660837188
-0.028745321152671293,0.016043987547362793,0.11735517983177345,-0.011714711475633412,-0.05865355213083476,0.07379594127041512,-0.0019894038980213737,-0.0065716254455409125,-0.047017294793827706,-0.00869527740487667,0.048539583599124525,-0.02643381994320352,-0.0411731568492658,0.023872832979095877,0.027188341538275144,0.010696823421649931,-0.04578191189591344,-0.025540993152199265,0.018969956286752063,-0.07110664607577279,0.017752739498445913,-0.0013767286953600935,-0.020346990714652197,0.0014592925738325815,0.008741876395498154,0.014075061291614824,-0.0068277696204013215,-0.03444860952348631,0.006383684870717634,-0.0032452998029636154,-0.004968245726728023,0.035278273339333845,0.04118076787014424,-0.05381766678747048,0.04916582077981174,-0.03468150076179982,0.0036562827003619055,-0.0693465158972702,-0.08209257264446355,-0.03274414640622758,0.0037700483590740073,0.025698808653387105,0.004285575527951874,-0.05846525780114251,-0.03133999938581958,0.039497249361694346,0.01440237257273962,-0.0019379109316239576,-0.026520945027817877,-0.0268989369103774,0.07134835366442756,0.02653065006689036,-0.0009440057769808058,0.004118908331798631,0.009945596734726888,0.039908647175375234,-0.00027127057113466094,-0.03259700166403064,0.014153180904042313,0.033984677837669355,-0.020002929469673646,-0.025522640886206913,-0.008445733412719045,-0.03328566993673143,0.01943353604362926,-0.00684965188102033,0.02040750097771778,0.00035017139679187435,0.051707566927833445,0.026539059931518182,-0.07709303044910407,0.015372778157326076,-0.11949240184572316,0.005054074069724724,0.0940781568978451,0.13460506500829392,0.124618776156041,0.11839188452595584,0.124512959475778,0.11928610604760932
-0.01674895221182642,0.06514822465863651,0.07520963345058644,0.06406482763037706,0.0007925654191261571,0.018620024948022305,-0.06176636086123902,0.0917053342622663,-0.0405049705227071,0.0003916366096196401,0.03403824409483246,-0.0007365839283194705,-0.025019492517783088,0.0417513837545936,-0.050616908990569406,-0.03465071897076594,0.034570424208278126,0.023074489394130367,-0.0007966689461681008,0.03854579816049654,0.02787449269158218,0.04583861267358792,-0.022691379615958296,-0.02092643977890244,-0.007310492900035101,0.02966027209408227,0.01597205334440909,-0.036319309317319005,-0.011295168888491277,0.03774431584604084,-0.07149459689315193,0.0365238061328151,0.00806300208358075,0.021532647929318863,0.03601786843460673,-0.05688423204269228,-0.0367366364588934,0.07594994311281282,0.0032566279289276065,-0.014809911072891292,0.0003117646733409359,-0.05237733630491992,-0.015656813958677854,-0.03449614573522099,0.010366923469731615,0.01902025421393108,-0.010202364430285151,-0.01953570622434448,-0.011492668768752335,0.0006701085422607945,-0.01075354924132076,-0.029326641508513673,-0.002617485645986512,-0.008284436672231507,0.014112897782517952,-0.00715597632831033,0.03173613495563135,-0.002597128387111595,0.06496738811487612,-0.08710405061620409,-0.02153231198401191,0.03432155474327964,-0.018907979921052386,-0.06535718718943062,-0.04815112504270096,-0.06533286732010636,0.030788332969536144,0.021286096076236882,-0.018001277658097493,-0.023469900099679013,0.08046056135511176,0.057261041307586726,-0.1335611449597653,-0.008539833544203547,0.07453843977358203,0.11423294777832772,0.1169098457688568,0.10384974031907068,0.11117217238346258,0.11439213685713424
0.06415229300363448,0.07283332964941933,0.012763119086961363,-0.024772314712314277,0.019686550358656144,-0.010312188367643452,0.02918151558044875,-0.01673590968786043,-0.08417387482980816,0.0021711721695208647,0.017117691637023404,-0.009786118817733945,0.02351003109723188,0.025149646762711052,-0.03448643754559834,0.0015044807851050303,0.010534971813885368,0.03836430619511638,-0.0371395757465802,-0.05546921749729482,-0.018292088136583486,0.07368287273548353,-0.00457472775974938,0.022305018618418583,-0.017039292784317907,0.0005568882817836131,-0.02757483783563301,-0.014185573717868808,-0.053168011230863406,-0.03381025085595621,-0.008133974904837473,0.03387302350917698,0.012142394393228829,0.0558057676725582,0.03446540432953844,-0.004347395029009145,0.005902470437689576,-0.052460440895400896,-0.01999385808728564,-0.05361580037826347,0.0498521280902893,0.011472592934411543,-0.006220093656543916,0.022767846120439243,0.033473451256045006,-0.03288496940092782,-0.03893231512210626,0.06197388385388249,0.02015206401779335,0.0839223186861378,-0.009858754812598512,0.022585044143447634,-0.025476376878957863,-0.010404918296197671,-0.026299374194991544,-0.012332418087935752,-0.041578797382554905,-0.03453345774386308,-0.04330842674866837,0.05853373991200124,-0.02136398788197192,0.032161233374718004,-0.014932046310574747,0.01324429414704409,0.03435164786537248,-0.016202547924713883,0.01799726012166288,-0.03763685717270708,0.06154746647467768,-0.06812385747538677,-0.035562428028853,0.027824347683654212,-0.1212252651115324,-0.036170364103981056,0.05223643594939874,0.09082942790816206,0.0915355569503196,0.10113090488519937,0.09584573476614831,0.09315551885838566
-0.06943292599572444,-0.02616477369765703,0.01918645552951209,0.014264880695829783,0.031212573375866748,-0.008124487451517398,-0.01929080801266748,-0.08299860492259128,0.06807883950588117,-0.005501180039270905,0.009480836880458128,-0.005071916486658686,-0.007253568869659063,-0.048796289425335405,0.003243821596131848,0.010924228376669063,0.003102043933010065,0.018694002677480046,0.004720599346505811,-0.005694713485769059,0.0037458944068622622,-0.010319240107251597,0.040370324939319135,-0.00819847270962259,-0.023683551841287023,-0.03892878968219578,-0.028078347657511243,0.009670439516997715,0.07607396919897239,-0.029709233375646047,-0.006521243991628385,0.0011431413366972632,0.028117448130195274,-0.051400717755060416,0.0730159523137193,0.0008399350446101319,-0.08528088435054096,-0.06819743423458308,0.0017410804989825858,-0.020501130984176674,-0.025910053206819852,0.03311290140721586,-0.09041052712431347,-0.017062971746286217,-0.057544278059556274,-0.034359315234158055,0.029361810118427693,-0.03337358142019267,-0.029239740538757927,0.06505478349504501,-0.03234791077050572,-0.022314643304440343,-0.0010615342097895911,0.0017309925021513142,-0.02983947904874562,-0.0561716057160534,-0.008494487322969764,-0.008528073095617705,-0.022633759545491492,-0.050972291168674765,-0.05157157650481387,-0.004822543147029825,-0.03133172770120542,-0.024954550657934647,-0.0029120450213764534,-0.029424361771306827,-0.04040638289547792,0.0046884524041477535,-0.032386205651373845,-0.049026407058408994,-0.026148344485402288,-0.041503756788184895,-0.1296330817017142,0.0066564551288226526,0.09141568030036065,0.1185205933138056,0.11153273049536044,0.10344872376554352,0.0984763944645764,0.10470105331303264
-0.04122803629132543,-0.028217321731677923,0.017915928366729797,-0.0591760976603119,0.055943742297824776,0.0337119479190836,-0.008913010534309866,0.045588357276327166,0.14097872897301023,0.006310052864235551,0.05632580450061244,0.023232025554786463,-0.0006923717978874963,0.030712519767454736,-0.0025523360868604447,-0.08575787744009852,0.0674727824738299,0.09933033137496625,0.01142065411199703,0.04673755709555923,0.014513034298880508,-0.01081857789048424,-0.02742641478604125,0.021761697567125097,0.0014594907014808263,0.018194087668562207,0.03653434855999828,-0.008477189111451228,0.03494727997086901,0.01919307840778204,0.03712218869687441,0.024941378427974413,-0.011528821238178952,-0.00709840593149808,-0.0638981099985383,0.03435252208657497,-0.005271542513573614,-0.12329765622334128,0.061211593223136816,-0.045076589739597085,-0.0689691121379233,-0.05392699073579602,-0.02214626713702963,-0.04426890867190337,0.019414135552882923,-0.013411440977913452,-0.0027914203128713995,-0.029483037554720263,-0.030794783440757853,0.0012000350868993162,-0.005289418159375218,0.0001841978263612621,-0.056774981032500046,0.011259190461957398,-0.01247333520500591,-0.05024327955900178,-0.02697227436039688,0.021653251953720337,-0.10074366990540408,-0.01683977378083914,-0.016916484248360317,-0.00927320377886099,0.015737698244609195,0.005072329134586215,0.05513683121702044,0.020843622532419222,0.028410596044315027,-0.0037335744465211954,-0.012570476416705561,-0.03895694197421733,-0.014698573643636288,-0.007741426491735696,-0.1389404628116722,-0.014919055237842344,0.056845227685817845,0.10704808513077996,0.1198386812295437,0.12457550187248688,0.12769267721968566,0.11889403330943835
0.044550597509286645,-0.018651997893106915,-0.0024634746315191727,-0.019115824590747607,-0.011563656788786732,-0.00908013468263976,-0.023865388173435902,0.05989643684643047,-0.003256348219878184,-0.009402957385353518,-0.0447167994749992,-0.006899966057736861,-0.038894897176959285,0.007243939102297024,0.0051772653391718645,-0.01024290539315108,0.050816001946601776,-0.016716444135607165,-0.00807012964741567,-0.026574270199913607,0.0025264033735929677,0.03212123958481573,-0.03154653592089936,-0.006417942859794711,0.027973674707228786,0.01140867988743899,-0.0034769491382254346,-0.030336142686995648,0.008179291269693592,-0.02077295782078764,-0.005094629707892061,-0.03626769819296538,0.018323526541167784,0.04182344284349489,0.016899446294638455,0.08398503695469851,-0.02045168899400201,-0.042280955506160005,0.03156940005629935,0.06506703600296347,0.009821044119030738,0.011362082000027819,-0.016355252351289366,-0.01710603099377193,0.014774355919416915,-0.018004102810621515,0.04558219801444292,0.07721423031935969,-0.027296240794112817,-0.01901759751837282,0.02178690850655569,-0.024386468525806365,0.02918586087286427,0.049174865188757445,0.015674543842604693,0.045546101010852415,-0.005612716267943752,-0.002992404910988355,0.014434026298855084,0.03424671282529173,-0.002148517455978113,-0.013666633652769484,0.051147780644319504,0.024857461850740583,0.07821169210070172,-0.026114985633737445,0.013997930967710947,-0.018148735875834408,0.05040292728938462,-0.02074726066566107,-0.0249280383305603,0.017222421151204523,-0.12285666228768252,-0.05143885352614801,0.06538439023167386,0.08939802735600413,0.09107542698382144,0.09971284256737166,0.10235829160112377,0.08926413247023537
0.00018205360970937904,0.01933350997181696,0.07040630547917162,-0.05089567981003749,-0.017112381284247694,0.02926215166193714,0.020089439131184165,-0.03731729447019216,-0.0024051921799027143,-0.010559007311364096,0.02731081524642461,-0.0466626634524347,0.0365605028241351,0.000265998022638712,0.020566203538313114,0.045488500532762335,0.021718625703427807,0.04753853270161206,-0.02864581727905611,0.03129444678334931,0.05947906273253106,-0.06313836599097751,0.009382117407901071,-0.005941544949556092,0.04103981356814688,-0.0156067175739406,-0.00031725671540813044,0.010645591871078932,-0.017402177265085673,0.03102015748709768,-0.06781311134466661,-0.03737980021100901,-0.03340941305487324,0.009923268930614432,-0.01313522802371923,0.0741790702989751,-0.007047637013029605,0.007939042532114488,-0.014062273067123335,0.02890411639850664,-0.011780740816933524,0.05566691306469877,-0.0219344892382726,0.04341712999376689,-0.03310186612975089,-0.04388587945415186,-0.010306605552438512,-0.030684346620575568,-0.010303738169060508,0.1040010636190556,0.03760819697342892,-0.048549031457366464,-0.00896935198816382,-0.05995257374927846,0.047797301686111245,-0.010573537136836326,0.04417777914818708,-0.004029724117845069,0.0012576445735716264,0.04092952139349773,-0.0318610074556312,0.04723371507542103,-0.08763350357651854,0.0077981100826705375,0.07586913524347838,0.03041542259258957,0.045398413641900975,-5.372797655256445e-05,0.005513979788045383,-0.07086155256538154,-0.026722372996226127,-0.07155715677509569,-0.12385689754540372,-0.0115379933183605,0.04432040459081217,0.0778791020445278,0.09201560046822259,0.10977214721181464,0.10152070817225645,0.11069444835773634
-0.03675032217761055,0.04481387369808697,-0.02144952297168176,0.03606955510429793,-0.019833424420024125,0.008725187694965903,0.07125601736959068,-0.02918714498530773,-0.06183774468329219,0.015541115224283076,0.016767416150321752,-0.025754926916330096,0.020317071563158515,-0.017337066402215842,0.0033660356380966925,0.016635055614170547,0.02276511884719572,-0.005429706966009616,-0.04469317330888912,0.05265644203680769,-0.07749359888493107,0.019196151572624384,0.02210522180707651,0.03128741645823772,0.02411850514714361,-0.019698330318094866,0.011264876708053352,0.01456173478762714,0.010314760038281433,-0.002360387636949181,-0.028263372639698296,-0.051244391141999655,-0.003117547235333543,0.021136791515683647,0.06613891788070045,-0.03788360294093165,0.05509655729386274,0.012904517471636194,0.0441370472908,0.0344939656350975,0.002041341021592818,-0.03853005444290204,-0.008124099910398716,-0.03138624776961003,0.024227363648337656,0.02146747219012426,0.006669192716050428,0.016283586274167285,0.030522913835723486,-0.08720554246869411,0.026607681263252223,-0.028340863770579525,0.007520325565334643,0.02940039955029192,-0.0354655835241311,-0.002692607710991397,-0.0408685801872493,0.02382725049079024,0.023499850876881168,-0.08863771754868438,-0.04494256683194707,0.006379624896327544,0.03125978637826571,-0.029556071031942847,-0.09274604648789361,-0.0019031433021262007,-0.024249101096611644,-0.005111805173186922,-0.0797602408612007,0.013551662266375457,-0.007582270270603181,0.03288249788858713,-0.09648953814148992,0.007161257207246336,0.06472002560457217,0.08048994033247078,0.08617475093846899,0.07929108876950458,0.08286824008831532,0.09383470714238945
-0.02565827911923196,-0.021010782995476637,0.02039797679514638,-0.0002864931183651265,0.03321290395332321,0.03270045690815581,0.025427718049478146,-0.013318935657795229,-0.04511124913238732,0.009795823002143511,-0.003643045014450572,0.0013877137264200919,-0.005560775655517158,0.020530690821092178,-0.021412205667530285,-0.03738614175012846,0.006892771210152828,-0.007983302611429745,0.0191125383722766,-0.022008919498041648,0.029288234250991505,0.0053940875882853,-0.02655638142371944,-0.04347674122487584,-0.01416061672864836,-0.027840751934402552,-0.08478220373578393,-0.008602519012802198,-0.041065032186829345,-0.014327708289264107,0.0643208481354674,0.04061320265435857,-0.050601957273579634,-0.002863061981875923,-0.02449438158343119,-0.05401712134036207,0.005140943568934592,0.03570612867745067,-0.01573496240938775,0.03704991787934746,-0.01951483227083444,-0.03641930345305692,0.01827670368602117,-0.026402833671513807,-0.031329558451843424,-0.009185000358254529,-0.01477841410049252,-0.052707092979323834,-0.010015499325977027,0.012409587556313932,0.014613872538180658,-0.005926827623091601,0.010338682583984935,0.02187276399235276,-0.010455571255148512,-0.009435038147828177,0.014738620417785418,0.08090897497155093,-0.09627308495908067,-0.07685844168006185,-0.02594230695932593,0.09461284614930263,-0.030539654088249407,0.055898954769176605,-0.01000112522277155,0.0002941626491454188,0.0034132318742749104,-0.003091808245016288,-0.1273305057543858,0.07182491498664408,-0.005074457836867371,-0.022690008254031595,-0.0698980341998192,0.011014125972294782,-0.01674637585177337,0.03523071538712956,0.06905748941511469,0.08948887588747646,0.09885284425735587,0.11143022151896582
0.0909998322933164,0.08723085123537824,-0.026801619586638525,-0.015459331878726138,-0.028872161291537093,0.02418040826956404,0.01054037896743078,0.02958272822520789,0.09337494094027993,-0.03478133032662564,-0.014318885055092443,-0.05619826488973807,-0.0021535133289339306,0.03769574869281889,0.01127242050532046,-0.030460675134434543,0.01815238570544452,-0.07215536687864545,-0.05279262491628234,-0.030018015591866697,0.03009615756799964,-0.004635314375336921,-0.0378296587817063,0.013169429092162743,-0.010836484973728983,-0.04807962793627952,0.011412285400030068,-0.022599144036713488,0.013553025629482728,0.0412054823220028,-0.030343090642965784,-0.01977937857552424,0.005826008976475064,0.00024055976149107465,-0.06432981023446649,0.003440645701601704,0.02257299915544798,-0.03253478187162577,-0.014743759821748807,-0.010643377756302058,0.008716989527654201,-0.02359878199290301,0.0018803691535794692,-0.011149645955130611,-0.020611968228837492,0.01404521026340994,0.028458075624010863,0.010197363868590064,-0.006846073511403557,-0.024385037194408946,0.008559565409951838,-0.00922569210866026,-0.039247747946766255,-0.01947077602518409,-0.01001252922575286,-0.014951454333121223,-0.05099684410708764,0.02226792457929983,-0.03557309007377062,-0.055251710734717366,0.025666209188159088,0.06703983839476349,0.10408050116668136,-0.00201227440353041,-0.062483826761000415,0.04858286576979699,-0.004141355360751079,-0.022598129908686076,-0.042856284744560776,-0.005665481449745489,-0.012102850767141028,0.01985163474677796,-0.0984037176682713,-0.0631839567262217,0.04301042542367598,0.09166468228981453,0.07342266175033825,0.09903615969468829,0.11729662672987802,0.10596773808205404
0.05391025442256905,0.019927869645290554,-0.002440362349540339,-0.018077869445537086,0.054995855075822886,-0.01844787099721945,-0.054169837786790326,-0.011518404314784616,0.012102082521655781,-0.010080334880640467,0.002737901638176344,0.0008844707923964846,0.01451234447771984,-0.04614775726897755,-0.043419764793892965,0.028384627895258405,0.05535627183020334,-0.03494940346866814,-0.05673155912434474,-0.06338166484239927,0.03096870742909693,0.07667832706374086,-0.01570812277704501,0.008693614941484278,-0.00013787259182444775,0.00436098253617636,-0.03377727484789015,-0.004179446549984674,-0.039038396492876486,0.030988700210189263,0.03017097545238288,0.02081994038798644,-0.04320147575539161,0.05589464923344337,-0.040613263456547526,-0.018980367846499525,0.029286261028177225,-0.010720236755109415,-0.05234881174397994,0.004109094788615299,0.025527743157791372,0.004711280703325643,-0.011682708859310357,-0.035075984304085525,-0.0376064187164472,-0.0419891626389016,-0.008743184886069406,-0.05754142857827985,-0.0034573081720295383,-0.003990460467261496,-0.014561403818746804,-0.03502678106146804,0.06118064110886353,-0.02670347522233194,0.05256570825219564,-1.9974616378631917e-05,0.043518486082085375,0.0421378446293589,-0.006707225365844604,-0.01523733108142582,-0.04042334149555732,0.07716116967233907,0.0759100089238791,0.031295441103392205,0.017486978782243447,0.015452508947261308,0.01582844216811698,0.05462801075009482,-0.06856536807807391,0.02156355077102068,-0.04076924214880359,0.020042039257732343,-0.09167587953487802,-0.018840002163273455,0.03262036565071824,0.02993417186173701,0.04517960665738366,0.08745267310880755,0.08882901088534435,0.08432002585541692
0.07938637161895251,0.014111719620145912,0.0020939140134276046,-0.005085971488894736,0.032614833521624566,0.03456635876442795,-0.005712752054375736,-0.011996444327230316,-0.013972437376711102,-0.004347720526644953,0.005996126102292506,0.009954180970384198,0.020591202487730408,0.01084540272309136,0.016954083881204923,0.0006368404220570869,-0.04357438583328318,-0.010012006359095445,-0.0008503368594576133,-0.009779543108901011,0.029276675866635612,0.020963899655210807,-0.0048461461431514325,-0.13092542757795367,0.023158569423714588,-0.05672282926965915,0.05958825899727571,0.03977857560704274,-0.06740782007944587,-0.048263260248055474,0.041773937518653846,-0.004606390291072345,-0.10146645444297626,0.010704414904630548,0.00856346543820114,0.04435545830597251,0.005591532322064009,-0.04909610747807044,-0.04556881713464929,0.02006077361780472,-0.022063613462840442,0.015580718691428198,-0.01755814953056778,-0.011736167957800137,-0.052531727664098714,-0.0016285413241224579,-0.0043471930506415336,0.028059721507029647,0.028731813494344904,0.06829135286165898,-0.01237142969059316,-0.014776475842528928,0.028629086392649685,0.020165087005639612,0.03701554753756105,-0.02276292171333924,0.036025497785939935,-0.03270414992310817,-0.18119760898758883,-0.01667134673530182,0.02072375739292882,0.06620735137652087,-0.09456882023128904,-0.05281703769226778,-0.024286167524584075,-0.00789811962778068,-0.04300098888509032,-0.04805067924018704,-0.06919678265528438,-0.03994065103991192,-0.13166530905717602,-0.05357261235266311,-0.11309999467952028,0.00577402953259708,0.018214677168550766,0.06464427960799125,0.08176790836425796,0.09787763580320949,0.11974524932894932,0.11757423378827676
0.021411242956600032,0.04594302357274698,-0.02699566695508645,-0.007692477845781954,-0.05176700209633825,-0.05215656024792252,-0.002621429836678944,-0.024900532589439,0.0218927980687298,-0.03857230555478766,-0.02805007475070402,-0.011308598969270023,-0.032222215979057986,-0.04542227231462823,0.043570961554518034,-0.00794126756608424,0.054562722354455806,-0.018377114044852757,-0.019894321530517425,-0.032136109546227684,-0.011044521627861703,0.029125272403720506,0.04849672357401275,0.007590767253747269,-0.04164179899718795,-0.04927379795075691,0.02622403086844692,-0.00940725210973795,-0.017939915830457002,0.05006238383729998,-0.016528729877739897,0.07917080862299203,0.020024802433614215,0.026157404317790386,0.028141212175402743,0.00825338287736513,0.013559948958543802,-0.018134484264405247,-0.04419616082562538,0.02085112870092158,0.024427825298127717,-0.030597873286835383,-0.003746360076155023,-0.01664235151122707,0.011223706535332304,-0.011476833872027513,0.0028444830115731067,0.005723859567617072,-0.0043081434296574714,-0.03410278114558176,-0.01945733903177886,0.021656024290401935,-0.02936125354376493,-0.04009273935542548,-0.0373886384050305,-0.04957836975889713,-0.0718433216789933,0.05551972523068581,0.04412602324964468,0.001502520811754654,0.007979183531780901,0.031888335152229615,0.023231850441326862,0.009624726811290018,-0.051223971087871696,-0.011531845249859696,-0.00876814108350006,-0.0056466483569018655,0.017837172615223214,0.009261499025147972,0.009545099436088255,0.019954500225757316,-0.11383261240937524,0.006461051036848118,0.011979692547110165,0.03214874305357556,0.0789956651392733,0.1158323062972997,0.12516559990301923,0.12803417411364149
0.10401992342715824,0.0400808609505611,0.046476845071604274,-0.005110269584879128,0.022297549859238208,0.05052304654746375,0.03590903786649413,0.04021930832214883,0.06457147726580319,-0.016827445117847322,0.022311087678769107,-0.023781842020891206,-0.0079098175420938,0.054357670213632525,0.01317311965637818,-0.04591809427687533,0.06265476614415566,0.027372753400776325,-0.09150533487110739,-0.04229388454704811,0.02197465054262493,-0.002946971443221509,0.02349554640820988,0.037083435928698574,0.04599839096144992,0.015458281107362654,-0.01930176191512115,-0.004818037017976192,-0.010113546472364515,-0.005277329855068808,-0.005124414208264633,-0.03131843189602103,0.067265016742834,-0.004368679861029491,0.036487668285834336,-0.03271021880224843,0.002787367503837344,0.013415899263102394,-0.054570342619087935,-0.022385213552028195,-0.01331901970301882,-0.007192423630484745,-0.03782432072726437,-0.0106003270964276,-0.04380811725969412,-0.0049943833679076365,-0.06038392518391589,-0.012767153600879088,0.0011195696983067602,0.006891857618353292,0.044508575853943605,0.0013396137487181959,0.01928664007372924,-0.02721362885704308,-0.05130181310664456,0.040689541109333566,-0.01932537977653585,0.017052966687137693,0.026157262951905604,0.03237822442544828,-0.05642845864685999,0.08007305845272605,0.0004658419619049806,-0.00869101784949327,0.03627112821224,0.016389833540660682,-0.02380188083310644,0.02634955889618456,0.047198256443706926,0.0319352351604019,0.05691627279851474,0.04132654269400948,-0.1170542703891241,0.03295253985234288,0.0783541078497276,0.1055419512536166,0.1037279844130766,0.0769688453974862,0.09247051349098925,0.1026069924473006
-0.02223755194398371,0.015443799885853792,0.008550564987985197,-0.0168216173723429,0.029349501722183716,0.05394055285029007,0.03745735019878711,-0.03463438784685286,-0.05652007505392175,-0.004382046388100498,0.028656699573831493,0.026571124654276943,-0.0206609643651224,0.05943724713400145,0.033421403866631005,-0.030820371568615074,-0.015729701884969603,0.008207246441039248,-0.0013108157650379676,0.00023776891881709464,0.025337750194190177,-0.009664308346153233,0.021436397521493743,-0.01172841813549826,0.009912851807514327,-0.02900425229722108,-0.044747907943743566,-0.02799947248230716,0.08461674314844643,-0.04415176924811086,0.0355950875352341,-0.019786189128573037,0.10067103234705405,-0.013262864543849869,0.015031053990480416,-0.039606623199632096,-0.025026457227755688,-0.04125597813676,0.06824463400464816,-0.0032337797220559606,-0.015045216254320698,0.02626740411540736,0.0030688404589836373,0.01693409195032941,0.07701786158954495,-0.0014582006687151332,0.06332715253578142,-0.0293935980039854,-0.003487088064624659,0.05406891956037166,-0.008169368836240587,0.015504789517588989,-0.05283877459458208,0.09952292137087154,0.02479887733260389,-0.08941626135032246,0.07635374460204819,-0.010900520014479258,-0.04394979438225256,-0.04319105460075254,-0.034953233711369,-0.0006279916676869128,0.03008539803409464,0.02955897219201124,0.003839280135543556,0.006917253424821273,-0.01339963336738648,-0.02135149448479189,0.0266345951617339,-0.04307639613595047,-0.05516664243935817,0.05371631307085652,-0.11784418369038918,-0.007846156295288148,0.08353282631694793,0.11067835849022868,0.09371258330293396,0.08528810985012993,0.09615488068191107,0.10603261226805832
0.042893850476257926,0.01981152756169708,-0.004442180203883166,-0.042273816957887046,-0.017629610383644287,0.0005547360613785684,-0.015446807731634125,0.0318120589774294,-0.07121342818775232,-0.02160460746356113,0.022033987511567592,-0.044775484487315935,-0.014370849937815008,0.006344530542459542,-0.010568174523986494,0.005605166127176674,-0.008445227564461946,-0.010793440046405148,-0.036853988822530735,-0.04109244802057825,-0.006859148870175444,-0.04033637401816115,-0.01549445972667578,0.09510974458589472,-0.0611227816803988,0.04511127589565581,-0.05957122104976829,-0.020245735647681153,0.07113796236828147,-0.01159124529280491,-0.015452501575865515,-1.649334542477149e-05,0.04146245612619041,0.03489471683835334,0.024360599170273244,-0.003094840826403721,-0.022869719626779646,0.0724407696320555,-0.059268714058014045,-0.0049624286800158575,0.00398707158270783,-0.14513328036328677,-0.06983531539338451,-0.005292489520747065,0.06231970098351522,0.05604604384599009,-0.042469890347965215,0.03413515753285099,0.028796243335445452,-0.12661965735532268,0.037554307467654736,-0.017991113110765594,0.0067227012795932125,-0.027038067331584287,-0.0007687029567630954,0.005671984585433918,-0.08275710943510445,-0.0528113930485425,0.027061008985056572,0.020466442473423996,0.025419491066714595,0.04213299092401521,-0.04027303633822141,0.020855021056923075,-0.007543121469377282,0.021127224612506997,-0.03005348130072072,0.016205418608884015,-0.005055819351076313,-0.01823063390891976,0.10738465592799987,0.04886958920884935,-0.113568231560005,0.010765723200887435,0.050892479009803086,0.06859957896356551,0.08108676981325233,0.08372441993392925,0.08872551502474793,0.10118584038880146
-0.0658954171634221,0.0019811626475704247,-0.06429226166641952,0.038363423009129566,0.02332407289527249,0.004796600323955612,0.03358512761640989,0.024547307660488092,-0.07317086528295602,0.045303408434806014,-0.021941635815378932,0.005870190124409828,0.04483609105212102,0.01040507632146792,-0.0190392684769672,-0.02117340446589274,0.01407685111229502,-0.020355095685263544,-0.027086985296798018,0.01648007493089212,0.07899416129903575,-0.039600428200590086,0.08163273505064858,0.02244157354398509,-0.02662046898061496,-0.008643849337612882,-0.0012271245858329113,-0.023891978197841852,0.04686199059479781,0.03309322514963824,0.042744995696333055,0.016369551704457738,0.03390497474142138,-0.027979426911529236,0.1363141343470097,-0.040985326535313046,-0.008945540066632885,0.1123088714249038,-0.020457133949619476,0.029224642913182625,-0.04996762840423967,-0.06387324361515823,0.01402432334183556,-0.02338232023664056,-0.00106739381627809,-0.008967255611922662,-0.04067330719138571,0.06200045392192666,0.039574310820476,-0.06777137355596136,0.029798349151242003,0.025957836086204163,0.03760343039122493,-0.11377387163303677,-0.039356715276617285,-0.005539682481657315,-0.08131501373546865,0.0073407399597832336,0.07101356871304501,0.013768056328515167,0.026384783756777205,-0.05352742329591292,-0.05471761804594526,-0.06568778865790298,-0.023244331008605776,-0.0409310395602015,-0.054715300224777774,0.010186081721487897,-0.02353747873713385,-0.022674654212473527,0.12126072767568521,-0.008464701022413888,-0.087277253055972,-0.02067190338592786,0.04572092663904353,0.07336078929889157,0.08034347724530903,0.09289885951009048,0.09871079829051232,0.09236758458326477
0.037566200769420355,-0.028600940006235025,0.0021335594742995646,0.04104462567092357,0.0015111195147865704,-0.007519171886966371,0.02215570058060878,-0.04385541908938064,0.048578071022315754,-0.023203839022056583,-0.014698946250925375,-0.050432374504689445,-0.0360898446350784,-0.02283033429766442,0.05188242096675217,0.03764293930927076,-0.08327051908460519,-0.10949727573286833,0.005824859775415528,-0.03987304870301223,0.011283659582016083,0.025143220181620844,-0.01575906488471086,-0.02839868787061072,-0.05729106349406137,0.017221315178882216,0.08885225130535337,-0.0035016990520200138,-0.05343029554330596,-0.02264688858251576,-0.03674205509502613,-0.06387749422908023,-0.02337102883493212,0.028669410733401342,-0.002590404079510139,0.008260320056095956,-0.013403897456488852,0.028718905568369823,-0.00633669810597816,-0.02483762156619749,-0.014765988876919963,0.0017529586673396247,0.052444573344546705,0.023395222055595914,0.08837464494084125,0.051405606102961486,-0.014657871971529636,-0.06076596045102876,0.05869293386435773,0.03996017835034135,0.0020086240362660185,-0.021230393588127193,0.04487207949806604,-0.018540255463240556,0.001991521850773212,0.002455803054331334,0.019222413607954326,0.00231585427399762,-0.02935936002536248,0.01654003778005939,0.0017681864756987835,-0.006703455537258342,0.05558513084404854,0.007366666185625066,0.06634652150479874,0.02734541278641889,-0.0019197010522706904,-0.03265427133577768,0.028394230530978608,0.024093713562520897,-0.055698395925105504,-0.0033496253148159487,-0.14007721112499738,-0.05340429199116853,0.06177696055968684,0.0922290429461173,0.08466922911925831,0.10981936529460196,0.11137902650002228,0.11670630347544364
0.03164920208918667,0.07116200320951141,0.03335641620809249,0.026069728773369084,0.034388270148957366,-0.014739446066069684,-0.018314723243978367,0.01381443912965664,-0.034490751983974964,0.0013215817502737902,-0.03164172687591377,-0.002749706190438475,0.01243295845478623,-0.02152439478559501,-0.03530502112711519,0.019567869523145143,0.058728293622194346,0.027388326971592287,-0.004512499909794618,0.013633861603095522,0.011864511789895149,-0.0546061912595457,0.06554367840975361,0.003957981648588912,-0.011365116409460788,0.04505922379240555,-0.0638004691642989,-0.0403023520670077,0.03902824591977772,-0.016790351207760363,0.03222614981938619,0.017513248763928128,0.06469945728295629,0.03371151159892694,0.11597483994847264,-0.005551935768197364,0.02568064358822868,0.015471403505505932,0.039661681839389354,-0.007230057295585163,0.01122798142151595,0.05264359253957272,-0.01706550753495161,0.05901833893855126,0.05884665682708838,0.025226849366499975,0.0492992238780376,-0.001175471220445876,-0.009654309332072442,0.08874873702187325,-0.0035762469866594503,-0.04764558083322402,-0.009605118449311776,0.041719093055613214,0.10181240921507036,0.02796142555543244,0.09672561292398595,-1.483688883511039e-05,-0.052124865125361006,0.053282444143809275,0.002717957572147713,-0.0026798802942383446,0.08363343523550101,-0.02439339122523729,0.01499553960949293,0.019043957678971535,0.07140223775747802,-0.035231817465675684,0.026392326806101724,0.0011713800469483056,0.014842605590568929,0.04984335881169192,-0.11946843613886703,-0.004757984422456418,0.0583416632094604,0.08140369659095192,0.09953850825099592,0.10320491770949648,0.11667861785923032,0.11718509243509843
0.04151015008211779,0.0624677767232287,0.028441951670037345,-0.01704306862018621,0.001323382780949328,0.06867094043698771,0.01978195558093278,0.01875302318750509,0.03928760783686351,-0.01100199917258714,0.04967929989741204,0.009097715407784819,-0.062276685182323446,0.04488533445006059,0.00019544425870933856,-0.022335251551607597,-0.016380456326188383,0.03907230698789927,-0.02351277347310404,0.011350911799673576,0.06625121354450911,0.04857892949433626,-0.015239327958758013,0.012135184922488091,-4.331274063221332e-05,-0.008991579911806486,0.014984455707943304,-0.0022197883140665886,0.04916131045495389,0.0030191102718106393,-0.0063979002276482125,-0.0012380269311421418,-0.013005726118038304,0.05422245911513107,0.011932954470012112,0.035751837965263655,0.024238513824641646,0.026375321456831247,0.018891931452471176,0.03959222082689594,0.021058891459156567,-0.014988335603408648,-0.017762740021533073,0.016055861340033006,0.007383762376203238,0.001740962696637873,0.02745221287375294,0.015885362095209417,-0.05939289248995505,-0.09787609522472451,-0.04410033179024736,0.029074295673044506,-0.005541319940811725,0.006637567719681168,-0.03346532689264338,-0.00165737388708405,-0.007607788767585354,0.07140728388239855,-0.020066479841402807,0.05038043491631085,0.040534235565882246,0.009770500825260766,-0.01612582345754286,0.010854504644092619,0.06288875283367928,-0.0032900265946383734,-0.024423131580217965,0.030955565159724304,0.07029198191799717,0.03216308261952612,0.03139057821432123,-0.009993184063235024,-0.14519398638503633,0.02415258507051565,0.07139747993115261,0.07867580075601761,0.09845366024418528,0.11813122904649388,0.1141861181167894,0.11856641317804185
-0.005310026226081209,0.006116337352510842,-0.0009034064578167729,-0.03107417993377278,0.10806748876931677,0.02956417801949609,-0.014848105732087004,-0.006970626846045082,0.014258210973327608,-0.06200883728288295,0.06132606790567069,-0.018585095372758365,0.01674116047014463,0.07552593878485221,0.023526726748767327,-0.048299728791504314,0.008063188220679083,-0.009646663325711914,0.028894734574554708,-0.013437834810676463,0.04489912165349355,-0.02020221890194056,-0.05630595426517052,0.0011214768083952548,-0.00435067651823082,-0.011170662744596736,-0.08194946793784194,0.012469071593209348,-0.017587543670287465,-0.0164043381189109,0.05516013982131225,-0.007466772440683477,-0.018755717215280503,-0.006845306538302165,-0.01827815456870204,-0.0023755894294489534,-0.03618330346454105,0.034313332631203376,0.021305333055811216,-0.04872325933032892,-0.027223561701767342,-0.01868138755938909,-0.0076394236065981695,0.009547031235752233,0.04232163434210606,0.0026834336980218407,-0.0028081098721835927,0.03164430551381414,0.01991539540457001,0.05319683539212305,0.038010060524908434,-0.033911389807742026,-0.020270334290846456,0.03738787976424605,0.029531677883803835,-0.018322673174329528,0.0043315768606987885,-0.04779815065108779,-0.0014850229650760216,0.05253356580390322,-0.019006718238025667,-0.01331779323272758,0.0889200796786319,0.033731989841243384,0.034659957204707985,0.008436612123737716,-0.04566329579715238,-0.054078151269579114,0.07939476577747352,-0.026940202877560316,0.02761299890557594,0.026879172209758304,-0.109228466019218,-0.01535588548033847,0.02567115847851942,0.0434090773441202,0.067167044798773,0.1220056521396424,0.13206278280043393,0.1216773487710914
-0.060118657655996346,-0.0028060053887233143,-0.06384990086510332,0.049339439314788736,0.055869317751213655,0.06932734617712093,-0.011846749550068312,0.004774211401350526,0.014813757779991716,0.03723985489335131,-0.03925236108308596,-0.012342158511092516,0.02173848824683832,0.03541988637352924,0.0416232154953512,-0.030942733872353727,0.002746358077657049,0.01085298082771266,-0.040298555797954175,0.013920589998130575,-0.0160463959276622,-0.08645509939355998,-0.027125681982208397,0.05935206113278776,0.007126020269604405,0.001382749128081136,0.04502111899822482,-0.02293836246813052,0.015018085791725354,-0.013421203991185232,0.04278261442976089,0.01362539004943151,0.03125520306337692,-0.03427212462821826,-0.005503282759010684,-0.0061829245738466735,0.005110085772569578,0.006751344751336854,-0.0450209316054574,0.018034808143247965,0.013187949777446532,-0.022691377097684286,0.009238763694348862,-0.016095634531971794,-0.03383129780548195,0.04666591648812289,-0.00938571848990528,-0.02374489414684376,0.02729637851612108,-0.06934633909302257,0.004881948258917468,0.023377251319588906,-0.013322237187397584,-0.0523674225147296,-0.005635238688672739,-0.0405055329409766,-0.006699023921497422,0.02925219833202969,0.028090336687689548,-0.003372452728678352,0.003867519820185435,0.01194816568582257,-0.0344709193177696,-0.026860708821329113,0.02487284566491588,-0.016577101231945637,-0.03987688724547688,0.04063945422327284,-0.008674782260725525,-0.014514016774628916,0.010006332563321566,-0.03122548196432382,-0.07675462178746854,0.0067167164483987445,0.024681318046672108,0.06622569003497211,0.10450461552005642,0.10994442785066497,0.11102441273901709,0.10554338430537402
-0.04295734309120013,-0.1016161350207934,-0.02531953223663136,0.020557858740659532,0.03828855390607025,0.018457427788352472,0.02386118153175644,0.0009165037667670517,-0.019010353974930352,-0.07410419317053554,0.06687708711250794,-0.02125120161010061,0.0318504147700015,0.03300516601378839,-0.001586382467697798,0.031321421095631685,-0.0046863021054017375,-0.020462938026813367,-0.03893958452754088,-0.0033011804295892907,0.00011335732045237786,0.04740616585404181,-0.009257667834737924,0.002108621383141342,-0.039385514807611606,0.015820702720801685,-0.029632488983361863,0.026819285693991037,0.002908140424520725,-0.009329882073900947,-0.0422088889798754,0.00995497891565374,0.014756520275261472,-0.016975302283539023,-0.046600132129542435,0.018074936595346865,-0.030601091227219185,0.04585702202640783,-0.0476141975190319,-0.09041731012375184,0.07214352594839317,-0.007199253217744232,-0.015884265232920927,-0.04860562841947112,0.01768841090138272,-0.02575656877972665,-0.05711363988271913,0.013910683477108669,-0.03255341317818739,-0.13547023656455043,0.04852561863150787,0.016249792803255045,0.05365051805563343,-0.01127599326282703,-0.019381521537907048,0.07497133898254515,-0.019184338336461097,-0.039598453086735354,0.009268697154971644,-0.012690757374745997,0.06350128117257782,0.007371317455505141,0.06577853538158451,0.04865978630785345,-0.05120431222921445,-0.05113378788510352,-0.006611767975319219,-0.05438154870297844,-0.02567628358994651,0.014308941094872688,0.0173030732496191,0.00438244272925336,-0.1835870517992764,0.0006404778178101003,0.0931062718005204,0.07134722439295352,0.1059783955487937,0.1291500385022032,0.10981058041196327,0.11887401268842662
0.02164050299092421,-0.03087096263552557,0.023391692931888145,-0.01644047765944142,0.01444643794804452,-0.022545470810874147,-0.03738874503839309,0.023103795634846287,0.03827777468160212,0.03404904014275483,-0.007995392117184657,-0.022905452419116575,0.02795518041905128,-0.008831215014018663,-0.018406502799786287,-0.005579147554351847,-0.019549001270451432,0.027367046132665065,0.02995246881883489,-0.050059068231588656,0.025217239937202943,-0.008784467802526959,0.008260824461668662,0.00814537147760169,0.033186631992466166,-0.01146344191424123,0.02742503602429284,-0.0121946028706363,0.04712269644893308,0.006572795651157812,-0.04262166956676645,-0.05815460030262219,0.01707112629254216,-0.03041515737769097,0.03064462033912752,-0.05862937481429894,0.021027657894698876,0.005513329334403561,-0.01806099283681608,-0.011089227596705291,-0.015497154153508596,0.07662563483474662,-0.04127066050135936,0.01776183863877781,0.017220186899494862,-0.04503169472460214,0.008509160076809604,0.0688879287488426,0.03149437380241795,-0.0427684626179729,-0.020178462369840482,0.03781487849392984,0.03763523776162595,0.060485238678365326,-0.033245670513462715,0.04515660014590449,-0.0653283841908231,0.021527354604982417,0.03792631194980925,0.01737730944217021,0.019111324597028682,0.04972376754205897,-0.03652489148764337,-0.04923369058030429,0.005505112150931002,-0.055737379336081375,-0.0012458634072879896,0.013467199397320965,-0.08710364899625021,-0.015440363786962641,-0.01197398636687829,-0.02640273803891124,-0.16909164590671943,-0.034126990522165994,0.057982606637389245,0.0855904722702811,0.06940943800122866,0.08619091023964602,0.1023210616896928,0.10922347910591047
-0.026214235729035706,0.030329018356822217,0.0211678189805728,0.0225468738207898,0.010115972958384586,-0.001812267731972996,-0.003319953167031278,0.01567283288963111,0.02701834923610587,0.028376836777813445,0.009657381680479563,0.05712005748198351,-0.01731181887608102,0.044602181461652936,-0.028817337178291012,-0.00031285212616043005,0.04568435119756666,0.07808068464127675,0.03260916616819051,-0.0422937013499633,-0.05047663013543734,-0.10576102501734136,0.012960302815656664,-0.02940334591765701,-0.03024564207477945,0.03274936629418438,-0.045872444793856784,-0.009724789620573512,-0.0182138322934624,-0.03856944015149708,0.04143676503047929,0.04100740713224454,-0.07674873585253927,0.020655097832014576,-0.011484789642612785,0.011949585180183358,0.021763884054978425,-0.022263453304689367,0.02256490369976564,-0.022930822512425276,-0.02276404776350321,0.016067082583870712,0.008018150074260681,-0.02128904070324705,0.019121550796995457,0.013212209891175917,-0.025934951462973397,-0.001541675305162968,0.02628958431500185,0.005357993992458135,0.02244273368815168,0.09094104463849728,-0.09426303243672289,-0.06230191485294812,0.06880632674851142,0.020754185407758592,0.09739896286291257,-0.02508109714787553,-0.11286734974272351,0.0041458182262342005,0.04132350543617764,0.02261316486426898,0.019391550462075965,0.004412462951921064,-0.04315821803895329,0.011396938831264516,0.03777205158374495,-0.022687826041126288,0.029012395621140576,0.0007923788409579411,0.07280891963311804,0.01236573200082169,-0.1075569337411333,-0.02605468905678865,0.038860992717200074,0.08841535586509144,0.08905673404262923,0.09874058513807818,0.11538345940252932,0.1210754808501831
0.03254699136372597,-0.0007070587493533864,-0.040817697389980395,0.01722858121360603,0.05801420313137212,-0.005015523330499824,-0.05177247140561146,-0.05771653619607277,-0.00751796267275567,-0.053256863183169245,0.05759789957391652,0.011876314851512937,-0.06984056807988771,0.013825956837428136,-0.033303680462160055,-0.002161402222949628,-0.0507035198230452,0.04483155786913218,-0.07743781737948009,-0.07598499772698236,0.038697387523841914,-0.029049445689174048,-0.03417662985998955,0.03356907792910221,0.008181342227954958,0.06894879463639039,-0.004620049202279758,0.03844445543375676,0.038633995465910426,-0.011842073255622804,0.01644652433599867,-0.020664505274749032,-0.013737420153227157,0.05661853919113104,0.024172473389812127,0.026006207537082545,-0.04734156679340085,-0.02084571068486629,0.0437744665978444,-0.06303531391558556,0.014836373396256743,-0.001433782868555342,0.037854492562723115,-0.00039231386534500093,-0.007512244876787722,0.013484976955076129,-0.04187495729528186,0.05173082051317922,0.04368279420154149,-0.019131916637198168,-0.03713194581573025,0.0308375815122218,0.0009605555293900138,0.008328402914740112,-0.01201187495453984,0.007785348534705981,0.01651389642721069,0.01849146456522156,0.023963084950293503,0.07811422347992598,-0.00847327764770626,-0.007480654428251952,-0.02079364605271092,-0.006104299327051716,-0.01689260176644808,-0.06533811687831387,-0.007828340311689526,0.0010993788418474,-0.032293711859188584,0.04489115010924637,-0.026492611040332,-0.006554543783071344,-0.12428473571507757,-0.0469982355323746,0.04142415344761091,0.08089111201781805,0.0850896063415862,0.08117509144334979,0.08878080931037426,0.10643526773361515
-0.019609026853207014,-0.00606913603858446,-0.04296721623595949,-0.020973615761429008,0.03275304102635894,-0.06353393707755392,-0.003505514697798194,0.009088716793028988,0.03281737030266822,0.05057397840107966,-0.015926741336170808,-0.007318503524571807,0.02969874190556465,-0.04601748723851947,0.07020579453854149,0.05074503481911569,0.09601922057327629,-0.018562096367256472,-0.03690098368845409,0.016529204588259645,0.01694160142577176,-0.005977763046739624,-0.020423049699726404,0.0006976996027544035,-0.0939661122759116,0.04630640365911296,-0.023993129852165035,-0.006656782402358348,0.06916113767803482,0.0015452936891250778,-0.04584558969033198,-0.02489462004021356,-0.06748216177127567,0.05580851581594076,0.03047000160819772,-0.05968000652183493,-0.024989332939348703,0.12073643069968296,0.06594281611608177,0.06513118775344444,-0.000999560696000964,-0.05331469996984312,-0.02146799783519244,0.03138484863074971,0.003204825761203165,-0.030294039892420525,-0.021503876571315517,-0.021386796068448358,0.01803079867313516,0.0003357988573390172,-0.049498633181845185,0.01586030680519015,0.04119237246246744,-0.07005263282595496,0.07338048516531137,0.009003221749659564,0.006634867179397969,-0.0310862136594906,-0.01397261219564802,0.026613845401388447,-0.02778617175644268,-0.042485167774728834,-0.016920033850635244,0.03156609856300339,-0.015665475852767865,0.04287859470410343,-0.0458284369354209,-0.040118447792603214,0.01739060743647685,-0.04499770419329199,0.013373443788398288,0.05667236210918921,-0.13180909467224955,-0.007208574235581638,0.06005901968086317,0.08441968722461608,0.09394796697843145,0.0949684784472953,0.10252832222261184,0.12221518285652148
0.018403001465424822,-0.02118210493537009,0.05297732447531528,-0.024159551964432088,0.02513914334230795,-0.002360805294519605,-0.018316070067154615,-0.03543609501598504,0.03024471360200126,-0.03161676403611741,0.04765136194181926,0.029320824468186617,-0.01719130355251468,0.029045723380357068,0.007422377908316854,0.0017272705719138307,0.003974309504481701,0.10259333068599832,0.07701588150536996,0.018345889474219057,0.01787442120338339,0.02289635056896397,-0.09011529861627494,-0.03479372162075788,0.05695566045507448,0.01925402130326919,0.019111470032438665,-0.0531954040609558,-0.007172720106155227,-0.019714614949755425,0.05992897671090276,0.009035979122021674,-0.05311122780021527,-0.01585629194030976,-0.003984890543914607,0.02386436424670617,0.0139724244601948,-0.04883958144855292,-0.022210600738167562,0.017180529607636788,0.014614411193060542,-0.03133106124925621,0.020540223942671534,-0.0401072494124279,0.01943714934115278,0.07951504694539997,0.059654222431068174,-0.05500960458198186,0.0003621386277812894,-0.009238081806718474,0.02051997039939753,0.09293429225404479,-0.03773888251572573,-0.09497629776965136,-0.022782988400146448,-0.008453237361058465,-0.012779960640113087,-0.0536462690817017,0.00961042615082664,0.03037630555942938,-0.013535655536287312,-0.01652568769051805,0.009268845696617092,0.04201670626149248,0.010354705340717096,0.006947117112163263,0.03639453337501796,0.0256818761138822,-0.03603130328945498,-0.029902899900133856,-0.01690848730079225,0.05352027149835101,-0.1057823685113936,-0.011030801488605852,0.04884043923097996,0.08807616295616937,0.06335921607147293,0.09318213224942094,0.10941683883214912,0.11971167519061097
0.0021081883670354714,-0.02183552171775192,0.028370188788700408,-0.05420056773151684,0.08607513958555357,0.02462821182355062,-0.014874864322120308,0.03644663231688264,0.010769166892140544,0.026176181385905,0.05373355867950778,-0.034224616493041246,-0.05890502131952399,0.03269304098757438,0.03073556702646508,0.04623083158048361,0.029595535096614268,-0.005262075652634224,0.007484429190329731,-0.02173652241112768,0.015067451159912308,0.02383151839415388,-0.03480554625290512,0.025337047481375663,0.01870403828624057,-0.011132261724066514,-0.006228442713949533,-0.008488739383154703,-0.0033133650055911152,-0.010118246671385911,-0.003377890609094808,-0.036950064852203646,0.01841155474417456,-0.016932887053933827,0.027345308649763148,0.01304200814626884,-0.014681402601259271,0.03473260115971397,0.021143094762442815,0.05013600732528752,-0.05309173451036332,-0.007856227963892848,-0.03990622650493976,-0.04411046201690008,0.0037187801841542154,-0.02566266706463713,0.02057463198265352,-0.021938275023510655,0.002335349127601064,-0.058484503823332895,0.015069618798018608,-0.012722580389923164,-0.03403651456963497,-0.05241914284128332,0.023021714661820455,-0.0400126630216217,0.03144667935664258,0.04252596605946657,-0.0720115773092595,-0.041554104105922376,-0.06843169809180051,-0.01045285611901873,-0.02695455304645017,0.01024874914836612,-0.02925624550167247,0.018339281213735896,-0.07584746578674739,0.04930492612329642,0.02016583919516131,-0.03828691698928785,-0.07881989861167876,0.028484800337547484,-0.09870142231177712,0.005706679572663783,0.034838571597355684,0.0666227885839084,0.05580919448905455,0.07625811750431638,0.10812244222534202,0.11954151387202656
0.057307991050886894,-0.06098911257675443,0.024054550977662348,0.0017822776241564386,-0.01687727954042894,0.025150834574653,0.0053564599265363295,0.024354602897298325,-0.0645700520062034,-0.06809142818013847,-0.03516779425784579,-0.049470028803808165,0.016284287079591325,0.044638932915373256,-0.020769357284433278,0.05555285441955093,0.05655939924321294,-0.007834479713584792,-0.016951099590719308,-0.027834169760122252,-0.03716957924310425,0.029977468987164857,0.007520684298929097,-0.020971832029690538,-0.06801911750736578,0.006659122089909481,0.01964105227448384,-0.016848993860761784,0.010595268411404093,0.01465043267340864,0.01428481821052542,-0.00022816321765338723,0.07280729687854323,0.031016357255302055,0.03200044278904604,-0.033466596688371424,0.017405098076772707,0.02734531156302658,0.019332321748401993,0.10250899805787488,-0.01953306420724579,0.019309711297894567,-0.024821615482015665,-0.007318427181938146,-0.015353992610363309,-0.03320167012898802,0.017494573405069883,0.027003859063178585,-0.003603415097666264,-0.0010333684049576995,0.00512388443960188,-0.047606833002892056,-0.047729831806291166,-0.009496695764628494,0.06435561889831279,0.008432043465782166,0.03399128263386702,-0.029861343155147622,-0.020007154371495493,0.04405515480265597,-0.030979655579177263,0.002457627265221458,0.03288321748015746,0.013814698579110352,-0.09222318623885264,-0.00328095006976144,-0.05116541519931878,0.04236446365640352,-0.06495033935459019,0.00286489682463293,0.022323058094798925,0.037346843022712115,-0.09648051379928568,0.018530654798831512,0.0546036063992229,0.0512869854638914,0.06578753332897545,0.08968532701346768,0.1009526388983454,0.09862020996295395
-0.05627049848497228,0.03734943332768332,-0.02121693472135673,0.05237684987202528,-0.022112390391847495,-0.04716561416614488,0.006381005052259606,0.01857119056176406,-0.03913712496144218,0.021283686818891,0.05765784860780955,0.04194258687528458,0.01419100761663674,0.026971512112474127,-0.048089539402663514,0.03181395479429951,-0.031592530298235354,-0.02825018603605348,0.04549978211053159,0.027322571262933026,0.005004545258037417,0.0025635353104353255,-0.03125704112092445,0.03785766861302972,-0.0020263757333661525,-0.0012230203108534745,0.06885516364518941,-0.05100892648114082,0.046121702782510245,0.004758394710715666,-0.016723398124627333,-0.002007035622962438,-0.008457786540780348,-0.007694766354721268,-0.04171826498273022,-0.02895770114153289,0.016350363149117864,0.06506567277620928,-0.010751499513657604,0.024379327196046567,-0.021922208439910686,0.03815545553075664,-0.024428001621846485,0.019727490155208968,0.004694150336141058,0.01342775711258132,-0.06826537351211766,-0.003243539713023216,0.08328794729137699,0.0312671068007126,-0.040916371801741534,-0.0382930967306269,0.021216644344777956,-0.02957388903649148,0.044142657777424016,0.052153220977632954,0.0003851658534372589,-0.0329713145535952,0.04680929195711886,0.025202012916210076,0.00964497282963288,-0.017013249328729062,-0.003743873058316319,0.05297329998322459,-0.058972270767043165,-0.055061758836331846,-0.02166560281271828,-0.05120957253996712,0.04224345808752431,0.022079197557355143,0.05386217100840937,0.002375800676746302,-0.10619223632341752,-0.01151110207128204,0.033377343549212846,0.04812570538956583,0.07177002915876061,0.09636337271436256,0.10828696314185784,0.1135959562628482
0.05939394475649415,-0.030265315684440044,0.0035010022664201407,0.049346011238952416,-0.0053345319518998515,-0.032840389112288,0.0392576792204794,0.09291457180681485,-0.0004578210982515533,0.007859028485336306,0.01541442916172396,-0.07281116844526649,-0.01430685738642305,0.005424234193762083,0.06772461334756615,0.06610795880051601,0.02465170430261051,-0.0027824559478587564,0.05959096459693233,-0.03713966965269989,-0.0717599056010326,-0.009997317746295423,-0.04251270592941692,-0.04128335289603042,-0.0022726969698479925,-0.03577345733744075,0.016421080921825145,0.03201926776366072,0.07287143933114938,-0.0476234291925109,0.0052004287366622815,-0.002631288084695366,0.022013536007935187,0.011772402049211572,-0.053682313590984666,-0.0270431682674147,-0.044742640429671195,0.04274098886626503,0.0053697936784772235,0.01556647827371992,0.005672213424653994,0.03820452210232404,-0.04076624673630853,-0.029124679601520216,0.02559755685911398,-0.02866545241354866,0.04076067857704331,0.060373336875620326,0.022348096533191343,0.036379363197307855,0.0027277590765732345,0.0025513259820555195,0.025688338162423337,0.04924355944178764,-0.004354807782881292,-0.009268644432044915,0.016697467560850335,0.054120351924799234,0.008577325450779553,-0.042251430939396685,-0.012464949614608173,0.02307845702893984,0.005756463523764939,0.12019052994358824,-0.0284367013580956,0.020453919038832716,-0.015880745905848866,-0.03664037056048676,0.03222932072762685,-0.03560133549347372,0.01772905495979019,0.005095402926006043,-0.09910671924451293,0.027279560523569057,0.05675043914909914,0.05992765824439224,0.08338545094513437,0.10435800338723432,0.11164881316027916,0.10299340670293122
-0.0444276913662538,0.013700062877945856,-0.06045053400161291,0.008640771597178425,-0.0005271884283481342,0.028550204646686023,0.004078173294126112,0.10067265639183189,-0.06411224108621526,-0.04969170515983658,-0.039437016272488246,-0.026894727374118705,0.007689726667420306,-0.02264603738652542,-0.0408271273395857,0.06197901632924232,-0.0073408258284420515,-0.01787532311890416,0.012120405231940383,0.0417917481026136,0.04388826132503183,-0.0028892631176985865,-0.029954590768044076,0.05208862774462254,0.03458583842501747,-0.01996374620060724,-0.01419378167829752,0.004925178743156903,0.005712965279052872,-0.026032404030275656,-0.04674395160146034,0.0004074438299841037,-0.019033474526826195,-0.016587591744589767,-0.031123762513182357,0.04446149480503034,0.06182450403296465,0.022434799466129487,0.0479463528446051,-0.02896564317177212,-0.021076241345983748,0.05032129424257227,-0.036258982615347046,-0.020288172800183975,-0.0273094280955966,0.01317715475904008,0.024657715528385506,-0.01397792211128016,0.05080559490656274,0.007850467916019998,-0.13203647802921814,-0.010343637057314736,0.0037612369915865375,0.07312635778335054,-0.035657769703530254,0.012506332739010056,-0.05933134243066829,0.02853120525767024,0.06345200430629863,-0.02556417033240608,0.021773285571987648,-0.021406284617285172,0.01632112453013532,-0.0590062391196442,-0.019628649261366753,0.04049227496147588,0.037141817653945246,-0.09558442423629987,0.029320645988293415,0.012162544427051976,-0.00425032357343545,0.01672934353168434,-0.12953353509905555,0.024395769234609278,0.08083024324706035,0.09510511819818189,0.09196616305120042,0.09870007769831599,0.11128232434134216,0.11299160802595344
-0.0027510745876199454,-0.027399744942272132,-0.02436905257307648,-0.006215487849440184,0.02708725369188733,-0.026416891155253332,0.01280197934198861,-0.02976693530142536,0.05917063534319967,-0.003329963834044994,-0.06665001921415985,-0.026170865643514497,0.010462296943365257,0.00456259296511525,0.026374481059429206,0.016983725064079237,0.01194959803503014,-0.016412686405031088,0.009576053573790688,0.04857443998600349,0.025312995571405757,0.04045938622983263,0.017942199891691477,-0.047873975584644304,-0.010101715284756988,0.0458588913678139,0.0322044606019431,-0.012039158234959725,0.005248809350495989,-0.0033250168257863135,-0.03371650561322195,-0.028031717094499815,0.0019054833650928072,-0.01985282292142779,0.042500097307058206,-0.02094759420899349,0.007352236899966981,0.02652808439485004,0.03965325552299531,-0.01624618776307997,-0.07126186511364349,0.022913624117356254,0.0503091626463121,-0.04684691309359525,-0.017333323003507452,-0.046071088520733945,0.050976108812716685,0.00869287188275947,0.02614377623425681,-0.06423000346675063,-0.035573282791155,-0.0405560459064732,0.05342157200524543,0.05184979762553903,-0.0018673148975495747,-0.03227694338633898,-0.03314443474856112,-0.03203974226795996,0.05742889936502925,-0.009434542121968243,-0.11950473713687643,0.020016980461369117,0.034614905855905036,-0.04042656237819385,0.011227524800671167,0.022924960829197583,-0.05155921882041006,-0.007539366401455,0.01045555564867889,0.024021690765231793,-0.05212099905525132,0.05257548655380297,-0.10337232733283815,-0.011136494074189816,0.02477862542649823,0.07584420354984064,0.09361971813919859,0.09904479764821757,0.09718343953517997,0.10073563811713666
